time,msg.id,msg.len,data
1661410587481,5AA,8,2EFCFFFF09370000
1661410587481,5AB,8,73FCFFFF00000000
1661410587481,5AA,8,2DFCFFFF56370000
1661410587482,5AB,8,89FCFFFF00000000
1661410587566,5AA,8,16FCFFFF05370000
1661410587566,5AB,8,A0FCFFFF00000000
1661410587662,5AA,8,0CFCFFFF2D370000
1661410587663,5AB,8,AAFCFFFF00000000
1661410587762,5AA,8,17FCFFFF36370000
1661410587763,5AB,8,73FCFFFF00000000
1661410587867,5AA,8,1BFCFFFF9B360000
1661410587868,5AB,8,8DFCFFFF00000000
1661410588000,5AA,8,15FCFFFF0D370000
1661410588001,5AB,8,B6FCFFFF00000000
1661410588100,5AA,8,1EFCFFFF31370000
1661410588101,5AB,8,A7FCFFFF00000000
1661410588200,5AA,8,0CFCFFFFEF360000
1661410588201,5AB,8,94FCFFFF00000000
1661410588297,5AA,8,1BFCFFFFFC360000
1661410588298,5AB,8,8DFCFFFF00000000
1661410588397,5AA,8,5FFCFFFFEB360000
1661410588398,5AB,8,CFFCFFFF00000000
1661410588500,5AA,8,1EFCFFFF29370000
1661410588501,5AB,8,A7FCFFFF00000000
1661410588600,5AA,8,0CFCFFFF36370000
1661410588601,5AB,8,AAFCFFFF00000000
1661410588700,5AA,8,EEFBFFFFDB360000
1661410588701,5AB,8,A4FCFFFF00000000
1661410588800,5AA,8,34FCFFFF36370000
1661410588801,5AB,8,A6FCFFFF00000000
1661410588897,5AA,8,0CFCFFFFC3360000
1661410588898,5AB,8,AAFCFFFF00000000
1661410589000,5AA,8,19FCFFFFAF360000
1661410589001,5AB,8,46FCFFFF00000000
1661410589097,5AA,8,1AFCFFFFB2360000
1661410589098,5AB,8,A3FCFFFF00000000
1661410589200,5AA,8,00FCFFFF1D370000
1661410589201,5AB,8,8AFCFFFF00000000
1661410589297,5AA,8,06FCFFFFE4360000
1661410589298,5AB,8,EAFCFFFF00000000
1661410589400,5AA,8,03FCFFFFEA360000
1661410589401,5AB,8,D1FCFFFF00000000
1661410589500,5AA,8,F1FBFFFF7B370000
1661410589501,5AB,8,BEFCFFFF00000000
1661410589600,5AA,8,13FCFFFF04370000
1661410589601,5AB,8,70FCFFFF00000000
1661410589700,5AA,8,00FCFFFFE8360000
1661410589701,5AB,8,8AFCFFFF00000000
1661410589800,5AA,8,D0FBFFFF9E360000
1661410589801,5AB,8,72FCFFFF00000000
1661410589901,5AA,8,33FCFFFF73360000
1661410589902,5AB,8,4AFCFFFF00000000
1661410590000,5AA,8,15FCFFFF9D360000
1661410590001,5AB,8,FEFBFFFF00000000
1661410590100,5AA,8,DCFBFFFFC3360000
1661410590101,5AB,8,92FCFFFF00000000
1661410590197,5AA,8,04FCFFFF04370000
1661410590198,5AB,8,8EFCFFFF00000000
1661410590297,5AA,8,3AFCFFFFB9360000
1661410590298,5AB,8,51FCFFFF00000000
1661410590397,5AA,8,F0FBFFFFD8360000
1661410590398,5AB,8,4BFCFFFF00000000
1661410590500,5AA,8,0FFCFFFFA8360000
1661410590501,5AB,8,6CFCFFFF00000000
1661410590600,5AA,8,19FCFFFFB2360000
1661410590601,5AB,8,30FCFFFF00000000
1661410590697,5AA,8,1CFCFFFF00370000
1661410590698,5AB,8,60FCFFFF00000000
1661410590800,5AA,8,1CFCFFFF18370000
1661410590801,5AB,8,4AFCFFFF00000000
1661410590897,5AA,8,F2FBFFFF93360000
1661410590898,5AB,8,A8FCFFFF00000000
1661410591000,5AA,8,0AFCFFFFBC360000
1661410591001,5AB,8,65FCFFFF00000000
1661410591097,5AA,8,0AFCFFFFAB360000
1661410591098,5AB,8,65FCFFFF00000000
1661410591197,5AA,8,1BFCFFFF96360000
1661410591198,5AB,8,77FCFFFF00000000
1661410591297,5AA,8,EFFBFFFFF7360000
1661410591298,5AB,8,62FCFFFF00000000
1661410591400,5AA,8,1CFCFFFFAB360000
1661410591401,5AB,8,60FCFFFF00000000
1661410591497,5AA,8,0EFCFFFF99360000
1661410591498,5AB,8,52FCFFFF00000000
1661410591600,5AA,8,FCFBFFFFCD360000
1661410591601,5AB,8,9DFCFFFF00000000
1661410591700,5AA,8,09FCFFFFBC360000
1661410591701,5AB,8,7BFCFFFF00000000
1661410591797,5AA,8,09FCFFFF18370000
1661410591798,5AB,8,7BFCFFFF00000000
1661410591897,5AA,8,09FCFFFF14370000
1661410591898,5AB,8,7BFCFFFF00000000
1661410592000,5AA,8,20FCFFFF6E360000
1661410592001,5AB,8,4EFCFFFF00000000
1661410592103,5AA,8,1BFCFFFF25370000
1661410592104,5AB,8,77FCFFFF00000000
1661410592203,5AA,8,13FCFFFFFA360000
1661410592204,5AB,8,86FCFFFF00000000
1661410592300,5AA,8,14FCFFFF59360000
1661410592301,5AB,8,59FCFFFF00000000
1661410592403,5AA,8,08FCFFFF1C370000
1661410592404,5AB,8,91FCFFFF00000000
1661410592500,5AA,8,08FCFFFFEF360000
1661410592501,5AB,8,A7FCFFFF00000000
1661410592603,5AA,8,06FCFFFFF7360000
1661410592604,5AB,8,4BFCFFFF00000000
1661410592700,5AA,8,EFFBFFFFF7360000
1661410592701,5AB,8,62FCFFFF00000000
1661410592800,5AA,8,04FCFFFF31370000
1661410592801,5AB,8,8EFCFFFF00000000
1661410592904,5AA,8,32FCFFFFDE360000
1661410592905,5AB,8,60FCFFFF00000000
1661410593000,5AA,8,0AFCFFFFFC360000
1661410593001,5AB,8,65FCFFFF00000000
1661410593100,5AA,8,09FCFFFF3E370000
1661410593101,5AB,8,7BFCFFFF00000000
1661410593200,5AA,8,28FCFFFF08370000
1661410593201,5AB,8,55FCFFFF00000000
1661410593300,5AA,8,23FCFFFFCA360000
1661410593301,5AB,8,7EFCFFFF00000000
1661410593397,5AA,8,20FCFFFFEB360000
1661410593398,5AB,8,4EFCFFFF00000000
1661410593500,5AA,8,39FCFFFF31370000
1661410593501,5AB,8,67FCFFFF00000000
1661410593600,5AA,8,05FCFFFF08370000
1661410593601,5AB,8,77FCFFFF00000000
1661410593697,5AA,8,02FCFFFFE2360000
1661410593698,5AB,8,5DFCFFFF00000000
1661410593797,5AA,8,13FCFFFF08370000
1661410593798,5AB,8,70FCFFFF00000000
1661410593898,5AA,8,1BFCFFFF1C370000
1661410593899,5AB,8,77FCFFFF00000000
1661410594000,5AA,8,3AFCFFFF0F370000
1661410594001,5AB,8,51FCFFFF00000000
1661410594100,5AA,8,09FCFFFFD1360000
1661410594101,5AB,8,7BFCFFFF00000000
1661410594203,5AA,8,04FCFFFF31370000
1661410594204,5AB,8,8EFCFFFF00000000
1661410594303,5AA,8,ECFBFFFF0B370000
1661410594304,5AB,8,48FCFFFF00000000
1661410594403,5AA,8,1CFCFFFFC6360000
1661410594404,5AB,8,4AFCFFFF00000000
1661410594500,5AA,8,06FCFFFF29370000
1661410594501,5AB,8,4BFCFFFF00000000
1661410594603,5AA,8,20FCFFFFEF360000
1661410594604,5AB,8,4EFCFFFF00000000
1661410594700,5AA,8,FBFBFFFF00370000
1661410594701,5AB,8,82FCFFFF00000000
1661410594803,5AA,8,23FCFFFFF7360000
1661410594804,5AB,8,7EFCFFFF00000000
1661410594900,5AA,8,10FCFFFF29370000
1661410594901,5AB,8,98FCFFFF00000000
1661410595000,5AA,8,20FCFFFFF3360000
1661410595001,5AB,8,4EFCFFFF00000000
1661410595097,5AA,8,01FCFFFF18370000
1661410595098,5AB,8,74FCFFFF00000000
1661410595197,5AA,8,05FCFFFFE2360000
1661410595198,5AB,8,77FCFFFF00000000
1661410595300,5AA,8,02FCFFFF20370000
1661410595301,5AB,8,5DFCFFFF00000000
1661410595400,5AA,8,18FCFFFF0B370000
1661410595401,5AB,8,5DFCFFFF00000000
1661410595500,5AA,8,F2FBFFFFF1360000
1661410595501,5AB,8,09FCFFFF00000000
1661410595597,5AA,8,06FCFFFF9D360000
1661410595598,5AB,8,61FCFFFF00000000
1661410595697,5AA,8,4EFCFFFF85360000
1661410595698,5AB,8,93FCFFFF00000000
1661410595800,5AA,8,45FCFFFF9B370000
1661410595801,5AB,8,CFFCFFFF00000000
1661410595901,5AA,8,12FCFFFF62370000
1661410595902,5AB,8,9DFCFFFF00000000
1661410596000,5AA,8,0AFCFFFF91370000
1661410596001,5AB,8,D7FCFFFF00000000
1661410596103,5AA,8,3FFCFFFF86370000
1661410596104,5AB,8,9BFCFFFF00000000
1661410596200,5AA,8,EFFEFFFF94380000
1661410596201,5AB,8,06FFFFFF00000000
1661410596300,5AA,8,99FCFFFFF13A0000
1661410596301,5AB,8,20FEFFFF00000000
1661410596403,5AA,8,39FAFFFF42400000
1661410596404,5AB,8,E500000000000000
1661410596503,5AA,8,0F0100000C4A0000
1661410596504,5AB,8,B803000000000000
1661410596603,5AA,8,CB000000054B0000
1661410596604,5AB,8,6302000000000000
1661410596703,5AA,8,F0000000724B0000
1661410596704,5AB,8,4B04000000000000
1661410596803,5AA,8,09010000A14B0000
1661410596804,5AB,8,C407000000000000
1661410596901,5AA,8,56050000994B0000
1661410596902,5AB,8,A808000000000000
1661410597000,5AA,8,090200005A4B0000
1661410597001,5AB,8,370D000000000000
1661410597100,5AA,8,E8020000EF4A0000
1661410597101,5AB,8,3A0D000000000000
1661410597203,5AA,8,92010000024A0000
1661410597204,5AB,8,DD0E000000000000
1661410597300,5AA,8,2601000012480000
1661410597301,5AB,8,8C0F000000000000
1661410597403,5AA,8,8700000042480000
1661410597404,5AB,8,B60B000000000000
1661410597500,5AA,8,61010000A04A0000
1661410597501,5AB,8,F00C000000000000
1661410597603,5AA,8,60060000464C0000
1661410597604,5AB,8,4007000000000000
1661410597703,5AA,8,520C0000FF550000
1661410597704,5AB,8,6C03000000000000
1661410597803,5AA,8,110D0000C9570000
1661410597804,5AB,8,D304000000000000
1661410597901,5AA,8,530D00000B590000
1661410597902,5AB,8,CE04000000000000
1661410598000,5AA,8,D0100000C45A0000
1661410598001,5AB,8,3101000000000000
1661410598103,5AA,8,A91000001C5C0000
1661410598104,5AB,8,6500000000000000
1661410598200,5AA,8,1B1200005F5C0000
1661410598201,5AB,8,DB00000000000000
1661410598300,5AA,8,CD120000E75D0000
1661410598301,5AB,8,9C00000000000000
1661410598400,5AA,8,5E140000125E0000
1661410598401,5AB,8,1600000000000000
1661410598503,5AA,8,D8170000845F0000
1661410598504,5AB,8,F7FEFFFF00000000
1661410598600,5AA,8,F119000082600000
1661410598601,5AB,8,3AFEFFFF00000000
1661410598700,5AA,8,4D1E00003C610000
1661410598701,5AB,8,C1FEFFFF00000000
1661410598800,5AA,8,3A2000006E610000
1661410598801,5AB,8,12FEFFFF00000000
1661410598901,5AA,8,92210000CA600000
1661410598902,5AB,8,1FBBFFFF00000000
1661410599000,5AA,8,A620000060600000
1661410599001,5AB,8,F0B9FFFF00000000
1661410599100,5AA,8,681D00002C600000
1661410599101,5AB,8,FC45000000000000
1661410599203,5AA,8,B01900003E5F0000
1661410599204,5AB,8,37BBFFFF00000000
1661410599303,5AA,8,CE160000CB5E0000
1661410599304,5AB,8,EF43000000000000
1661410599400,5AA,8,7E0F0000755C0000
1661410599401,5AB,8,4745000000000000
1661410599500,5AA,8,1A0E0000825B0000
1661410599501,5AB,8,BC44000000000000
1661410599603,5AA,8,BA0E0000A95A0000
1661410599604,5AB,8,A643000000000000
1661410599703,5AA,8,AE09000062570000
1661410599704,5AB,8,1344000000000000
1661410599803,5AA,8,4F06000092530000
1661410599804,5AB,8,5442000000000000
1661410599904,5AA,8,7D05000076510000
1661410599905,5AB,8,C544000000000000
1661410600000,5AA,8,62FEFFFFC14A0000
1661410600001,5AB,8,C841000000000000
1661410600100,5AA,8,1700000028480000
1661410600101,5AB,8,4A43000000000000
1661410600200,5AA,8,19FCFFFFF5440000
1661410600201,5AB,8,FB42000000000000
1661410600297,5AA,8,1DFBFFFF9C430000
1661410600297,5AB,8,FB43000000000000
1661410600400,5AA,8,1EF9FFFF4E400000
1661410600401,5AB,8,8E43000000000000
1661410600500,5AA,8,59F7FFFF8C3F0000
1661410600501,5AB,8,7D43000000000000
1661410600597,5AA,8,1DF6FFFF513D0000
1661410600597,5AB,8,8F44000000000000
1661410600697,5AA,8,34F5FFFF103C0000
1661410600697,5AB,8,D943000000000000
1661410600800,5AA,8,33F3FFFF9F3A0000
1661410600801,5AB,8,4244000000000000
1661410600901,5AA,8,A9F2FFFFC0380000
1661410600902,5AB,8,0445000000000000
1661410601000,5AA,8,36F0FFFFBC370000
1661410601001,5AB,8,4344000000000000
1661410601096,5AA,8,5EEFFFFFF1360000
1661410601097,5AB,8,0645000000000000
1661410601200,5AA,8,36EEFFFF35360000
1661410601201,5AB,8,F544000000000000
1661410601296,5AA,8,24EEFFFFD3350000
1661410601297,5AB,8,CD44000000000000
1661410601396,5AA,8,4CF0FFFF9F360000
1661410601397,5AB,8,8F45000000000000
1661410601500,5AA,8,72F6FFFF513C0000
1661410601501,5AB,8,0F44000000000000
1661410601600,5AA,8,5CFAFFFF9E410000
1661410601601,5AB,8,1744000000000000
1661410601700,5AA,8,E3000000A94F0000
1661410601701,5AB,8,F842000000000000
1661410601796,5AA,8,A10B00007D550000
1661410601797,5AB,8,FCBAFFFF00000000
1661410601896,5AA,8,46080000FA5E0000
1661410601897,5AB,8,C7CCFFFF00000000
1661410602000,5AA,8,E4140000E4610000
1661410602001,5AB,8,7DBAFFFF00000000
1661410602100,5AA,8,671B00003C640000
1661410602101,5AB,8,FFBCFFFF00000000
1661410602200,5AA,8,131D000048640000
1661410602201,5AB,8,A8BFFFFF00000000
1661410602300,5AA,8,071E00004A640000
1661410602301,5AB,8,16FCFFFF00000000
1661410602396,5AA,8,4F1B00001F640000
1661410602397,5AB,8,E8F9FFFF00000000
1661410602500,5AA,8,DF19000053630000
1661410602501,5AB,8,53F9FFFF00000000
1661410602596,5AA,8,811600008E620000
1661410602597,5AB,8,E6FBFFFF00000000
1661410602700,5AA,8,CF13000081600000
1661410602701,5AB,8,F2FCFFFF00000000
1661410602796,5AA,8,E90E00008F5F0000
1661410602797,5AB,8,6FFEFFFF00000000
1661410602901,5AA,8,300B0000335D0000
1661410602902,5AB,8,56FFFFFF00000000
1661410603000,5AA,8,00080000325B0000
1661410603001,5AB,8,94FEFFFF00000000
1661410603100,5AA,8,7B060000D2560000
1661410603101,5AB,8,4EFDFFFF00000000
1661410603200,5AA,8,AD020000EC550000
1661410603201,5AB,8,2CFFFFFF00000000
1661410603300,5AA,8,BDFFFFFF49520000
1661410603301,5AB,8,6BFEFFFF00000000
1661410603396,5AA,8,0000000075500000
1661410603397,5AB,8,7B00000000000000
1661410603496,5AA,8,54000000744C0000
1661410603497,5AB,8,A800000000000000
1661410603596,5AA,8,5EFCFFFF0C4C0000
1661410603597,5AB,8,02FFFFFF00000000
1661410603696,5AA,8,06FCFFFF634A0000
1661410603697,5AB,8,F6FCFFFF00000000
1661410603800,5AA,8,CFFBFFFFBC480000
1661410603801,5AB,8,BAFEFFFF00000000
1661410603901,5AA,8,D0FBFFFF18460000
1661410603902,5AB,8,C9FDFFFF00000000
1661410604000,5AA,8,A2FCFFFFC6400000
1661410604001,5AB,8,56FDFFFF00000000
1661410604100,5AA,8,D2FAFFFF0C3D0000
1661410604101,5AB,8,67FEFFFF00000000
1661410604200,5AA,8,2AFCFFFFEF3B0000
1661410604201,5AB,8,D9FEFFFF00000000
1661410604296,5AA,8,2DFDFFFFDF3B0000
1661410604297,5AB,8,10FEFFFF00000000
1661410604396,5AA,8,FCFCFFFF2B3B0000
1661410604397,5AB,8,CEFCFFFF00000000
1661410604500,5AA,8,29FEFFFF373A0000
1661410604501,5AB,8,B7FEFFFF00000000
1661410604600,5AA,8,11FCFFFF35340000
1661410604601,5AB,8,0BFFFFFF00000000
1661410604700,5AA,8,D3FDFFFF162F0000
1661410604701,5AB,8,FCFCFFFF00000000
1661410604796,5AA,8,8EFDFFFF63250000
1661410604797,5AB,8,37FDFFFF00000000
1661410604897,5AA,8,A6FEFFFF3D240000
1661410604898,5AB,8,04FEFFFF00000000
1661410605000,5AA,8,F3FDFFFFF9230000
1661410605001,5AB,8,BFFFFFFF00000000
1661410605100,5AA,8,98FFFFFF3E220000
1661410605101,5AB,8,49FEFFFF00000000
1661410605204,5AA,8,0AFEFFFF071F0000
1661410605205,5AB,8,1600000000000000
1661410605300,5AA,8,6CFBFFFF351F0000
1661410605301,5AB,8,9400000000000000
1661410605400,5AA,8,D5FDFFFFD31D0000
1661410605401,5AB,8,3206000000000000
1661410605500,5AA,8,B60A0000631E0000
1661410605501,5AB,8,F0FDFFFF00000000
1661410605604,5AA,8,7AFFFFFF0B1F0000
1661410605605,5AB,8,91FFFFFF00000000
1661410605700,5AA,8,31020000D8250000
1661410605701,5AB,8,9B03000000000000
1661410605800,5AA,8,33000000AD3B0000
1661410605801,5AB,8,9C01000000000000
1661410605901,5AA,8,CA000000EC400000
1661410605902,5AB,8,4203000000000000
1661410606000,5AA,8,27FEFFFF1B440000
1661410606001,5AB,8,0803000000000000
1661410606100,5AA,8,E5040000CB480000
1661410606101,5AB,8,3D01000000000000
1661410606199,5AA,8,000000000B4D0000
1661410606200,5AB,8,1A03000000000000
1661410606296,5AA,8,8C010000DB4B0000
1661410606297,5AB,8,1A03000000000000
1661410606396,5AA,8,27010000004C0000
1661410606397,5AB,8,7604000000000000
1661410606496,5AA,8,44FFFFFFCF4B0000
1661410606497,5AB,8,A700000000000000
1661410606596,5AA,8,6EFDFFFFCC4C0000
1661410606597,5AB,8,F402000000000000
1661410606700,5AA,8,35FDFFFFEC4C0000
1661410606701,5AB,8,5C00000000000000
1661410606796,5AA,8,45F8FFFF4E4C0000
1661410606797,5AB,8,8100000000000000
1661410606901,5AA,8,D3F9FFFF3D4C0000
1661410606902,5AB,8,24FDFFFF00000000
1661410607000,5AA,8,9AFAFFFFA84C0000
1661410607001,5AB,8,6FFEFFFF00000000
1661410607104,5AA,8,BDFBFFFF1A4F0000
1661410607105,5AB,8,42FDFFFF00000000
1661410607204,5AA,8,D5FDFFFFBC510000
1661410607205,5AB,8,C0FDFFFF00000000
1661410607300,5AA,8,9FFFFFFF9A570000
1661410607301,5AB,8,7A00000000000000
1661410607404,5AA,8,43040000DF5A0000
1661410607405,5AB,8,7EFBFFFF00000000
1661410607504,5AA,8,6F0B0000CD620000
1661410607505,5AB,8,EAF7FFFF00000000
1661410607600,5AA,8,830B0000B0640000
1661410607601,5AB,8,25F6FFFF00000000
1661410607704,5AA,8,DD0C0000DB660000
1661410607705,5AB,8,94F5FFFF00000000
1661410607804,5AA,8,4F11000002670000
1661410607805,5AB,8,52F6FFFF00000000
1661410607901,5AA,8,FD0F000021680000
1661410607902,5AB,8,C4F4FFFF00000000
1661410608000,5AA,8,6C1300007E680000
1661410608001,5AB,8,EFF5FFFF00000000
1661410608096,5AA,8,BA180000EA680000
1661410608097,5AB,8,BDF5FFFF00000000
1661410608196,5AA,8,3D100000EC680000
1661410608197,5AB,8,6FEFFFFF00000000
1661410608300,5AA,8,9703000079650000
1661410608301,5AB,8,96D0FFFF00000000
1661410608396,5AA,8,950B0000C3630000
1661410608397,5AB,8,85C2FFFF00000000
1661410608496,5AA,8,EB06000008620000
1661410608497,5AB,8,23C2FFFF00000000
1661410608596,5AA,8,A70500007C610000
1661410608597,5AB,8,88BBFFFF00000000
1661410608700,5AA,8,B8F7FFFF93530000
1661410608701,5AB,8,7FC0FFFF00000000
1661410608796,5AA,8,17F6FFFF1D410000
1661410608797,5AB,8,11BDFFFF00000000
1661410608901,5AA,8,4AEFFFFF54330000
1661410608902,5AB,8,B8BBFFFF00000000
1661410609000,5AA,8,DDE2FFFF78310000
1661410609001,5AB,8,B3FEFFFF00000000
1661410609100,5AA,8,E2DDFFFF8D300000
1661410609101,5AB,8,D8FFFFFF00000000
1661410609200,5AA,8,FBE8FFFFA82F0000
1661410609201,5AB,8,44FDFFFF00000000
1661410609300,5AA,8,14F3FFFFF32F0000
1661410609301,5AB,8,BAFCFFFF00000000
1661410609404,5AA,8,4CFBFFFFD1360000
1661410609405,5AB,8,DAFCFFFF00000000
1661410609500,5AA,8,63FFFFFF48400000
1661410609501,5AB,8,96FAFFFF00000000
1661410609604,5AA,8,760300000F510000
1661410609605,5AB,8,41FDFFFF00000000
1661410609704,5AA,8,65FFFFFFF7490000
1661410609705,5AB,8,E5FBFFFF00000000
1661410609804,5AA,8,7CF6FFFFF8300000
1661410609805,5AB,8,B2FEFFFF00000000
1661410609901,5AA,8,E7E2FFFF172C0000
1661410609902,5AB,8,B8FCFFFF00000000
1661410610000,5AA,8,ABE5FFFFA72A0000
1661410610001,5AB,8,C1BFFFFF00000000
1661410610100,5AA,8,91EFFFFF8A2F0000
1661410610101,5AB,8,75BDFFFF00000000
1661410610200,5AA,8,6EF5FFFFAC510000
1661410610201,5AB,8,FABBFFFF00000000
1661410610300,5AA,8,DB080000E95F0000
1661410610301,5AB,8,73BFFFFF00000000
1661410610400,5AA,8,0A140000C0660000
1661410610401,5AB,8,99C4FFFF00000000
1661410610500,5AA,8,770B0000E3660000
1661410610501,5AB,8,4CD1FFFF00000000
1661410610600,5AA,8,741F0000AA640000
1661410610601,5AB,8,4EFCFFFF00000000
1661410610700,5AA,8,2F170000F3620000
1661410610701,5AB,8,9201000000000000
1661410610800,5AA,8,85130000255E0000
1661410610801,5AB,8,C601000000000000
1661410610897,5AA,8,7D0C00001E5A0000
1661410610898,5AB,8,B101000000000000
1661410611000,5AA,8,07010000414B0000
1661410611001,5AB,8,3301000000000000
1661410611103,5AA,8,FAF8FFFF73430000
1661410611104,5AB,8,4E02000000000000
1661410611204,5AA,8,ABF9FFFFAD3A0000
1661410611204,5AB,8,BB02000000000000
1661410611304,5AA,8,8CFCFFFF653B0000
1661410611305,5AB,8,CD01000000000000
1661410611400,5AA,8,B8FFFFFF874C0000
1661410611401,5AB,8,B401000000000000
1661410611504,5AA,8,9A110000AD570000
1661410611505,5AB,8,2002000000000000
1661410611600,5AA,8,E3150000B85E0000
1661410611601,5AB,8,E7F9FFFF00000000
1661410611704,5AA,8,680D0000AF5C0000
1661410611705,5AB,8,E644000000000000
1661410611800,5AA,8,39060000F55A0000
1661410611801,5AB,8,70BAFFFF00000000
1661410611900,5AA,8,D2FBFFFF85540000
1661410611901,5AB,8,5FBBFFFF00000000
1661410612000,5AA,8,48F0FFFF6B3B0000
1661410612000,5AB,8,B545000000000000
1661410612096,5AA,8,89E8FFFF79350000
1661410612097,5AB,8,F343000000000000
1661410612200,5AA,8,04DFFFFF1F310000
1661410612201,5AB,8,AF00000000000000
1661410612296,5AA,8,AEE6FFFFDC2F0000
1661410612297,5AB,8,77FDFFFF00000000
1661410612396,5AA,8,39F0FFFF44300000
1661410612397,5AB,8,31FFFFFF00000000
1661410612499,5AA,8,4CF8FFFF0E350000
1661410612500,5AB,8,CEFAFFFF00000000
1661410612596,5AA,8,A5FDFFFFF43D0000
1661410612597,5AB,8,38FCFFFF00000000
1661410612696,5AA,8,12070000C0550000
1661410612697,5AB,8,66FDFFFF00000000
1661410612799,5AA,8,D80800001A5B0000
1661410612800,5AB,8,6FFCFFFF00000000
1661410612896,5AA,8,CA070000E8590000
1661410612897,5AB,8,A8FDFFFF00000000
1661410613000,5AA,8,51030000FB530000
1661410613001,5AB,8,6BFCFFFF00000000
1661410613100,5AA,8,DFFAFFFF903B0000
1661410613101,5AB,8,E1FDFFFF00000000
1661410613201,5AA,8,33F1FFFFFD320000
1661410613201,5AB,8,D0FFFFFF00000000
1661410613297,5AA,8,BFE7FFFF322D0000
1661410613298,5AB,8,2FFCFFFF00000000
1661410613397,5AA,8,C3DFFFFF802C0000
1661410613398,5AB,8,5C00000000000000
1661410613497,5AA,8,11E8FFFFC02F0000
1661410613498,5AB,8,F5B9FFFF00000000
1661410613597,5AA,8,DEF1FFFFA0340000
1661410613598,5AB,8,CBBBFFFF00000000
1661410613700,5AA,8,0DFCFFFF1B520000
1661410613701,5AB,8,8ABBFFFF00000000
1661410613797,5AA,8,E6050000965D0000
1661410613798,5AB,8,E145000000000000
1661410613898,5AA,8,CE1000002B610000
1661410613899,5AB,8,30BDFFFF00000000
1661410614000,5AA,8,651A0000D7610000
1661410614001,5AB,8,7BBCFFFF00000000
1661410614097,5AA,8,6D1D0000B0600000
1661410614098,5AB,8,0602000000000000
1661410614200,5AA,8,98100000FE5E0000
1661410614201,5AB,8,98FFFFFF00000000
1661410614300,5AA,8,5209000078570000
1661410614301,5AB,8,1703000000000000
1661410614400,5AA,8,8603000040480000
1661410614401,5AB,8,3103000000000000
1661410614497,5AA,8,25FEFFFF28430000
1661410614498,5AB,8,7202000000000000
1661410614600,5AA,8,09FAFFFF443B0000
1661410614601,5AB,8,5800000000000000
1661410614700,5AA,8,BFF8FFFFF1390000
1661410614701,5AB,8,DE01000000000000
1661410614797,5AA,8,3CF9FFFF0C3B0000
1661410614798,5AB,8,ED01000000000000
1661410614898,5AA,8,6A020000FA450000
1661410614899,5AB,8,2202000000000000
1661410615000,5AA,8,7D0C000067570000
1661410615001,5AB,8,2904000000000000
1661410615097,5AA,8,3A170000645B0000
1661410615098,5AB,8,2704000000000000
1661410615197,5AA,8,691B0000AB5D0000
1661410615198,5AB,8,0805000000000000
1661410615300,5AA,8,161C0000015E0000
1661410615301,5AB,8,4042000000000000
1661410615400,5AA,8,1A070000F25D0000
1661410615401,5AB,8,B744000000000000
1661410615497,5AA,8,62050000235D0000
1661410615498,5AB,8,78BBFFFF00000000
1661410615597,5AA,8,CBFAFFFF6A4A0000
1661410615598,5AB,8,66BCFFFF00000000
1661410615697,5AA,8,3BF0FFFF2F3B0000
1661410615698,5AB,8,DFB9FFFF00000000
1661410615797,5AA,8,5BEAFFFFDF310000
1661410615798,5AB,8,C0BEFFFF00000000
1661410615898,5AA,8,02DFFFFF12300000
1661410615899,5AB,8,0E46000000000000
1661410616000,5AA,8,A0E4FFFF1A2D0000
1661410616001,5AB,8,AEFEFFFF00000000
1661410616103,5AA,8,86EDFFFF5A2D0000
1661410616104,5AB,8,6CFDFFFF00000000
1661410616200,5AA,8,8EF4FFFF622E0000
1661410616201,5AB,8,55FCFFFF00000000
1661410616303,5AA,8,A0FAFFFF1F310000
1661410616304,5AB,8,9EFCFFFF00000000
1661410616403,5AA,8,46000000A3400000
1661410616404,5AB,8,58FDFFFF00000000
1661410616500,5AA,8,A0040000E5480000
1661410616501,5AB,8,8EFEFFFF00000000
1661410616603,5AA,8,B00500000E510000
1661410616604,5AB,8,4FFFFFFF00000000
1661410616700,5AA,8,45030000B54E0000
1661410616701,5AB,8,7DFFFFFF00000000
1661410616800,5AA,8,59FCFFFFD13C0000
1661410616801,5AB,8,17FEFFFF00000000
1661410616904,5AA,8,68F4FFFFA0340000
1661410616905,5AB,8,A9FEFFFF00000000
1661410617000,5AA,8,A1EAFFFFC42D0000
1661410617001,5AB,8,63FFFFFF00000000
1661410617097,5AA,8,D7E1FFFFC62C0000
1661410617098,5AB,8,1500000000000000
1661410617197,5AA,8,70DFFFFF2C2D0000
1661410617198,5AB,8,0E46000000000000
1661410617297,5AA,8,EDE8FFFF632E0000
1661410617298,5AB,8,3A46000000000000
1661410617400,5AA,8,24F2FFFF8A360000
1661410617401,5AB,8,5046000000000000
1661410617500,5AA,8,150200001D5B0000
1661410617501,5AB,8,B9BDFFFF00000000
1661410617597,5AA,8,A2070000EB620000
1661410617598,5AB,8,ADBFFFFF00000000
1661410617700,5AA,8,EF14000042640000
1661410617701,5AB,8,5BC2FFFF00000000
1661410617797,5AA,8,1319000060630000
1661410617798,5AB,8,FBB9FFFF00000000
1661410617901,5AA,8,D0210000DE600000
1661410617902,5AB,8,B4FEFFFF00000000
1661410618000,5AA,8,66180000945E0000
1661410618001,5AB,8,F001000000000000
1661410618103,5AA,8,83190000ED570000
1661410618104,5AB,8,0304000000000000
1661410618200,5AA,8,9B0C0000A2500000
1661410618201,5AB,8,E507000000000000
1661410618303,5AA,8,F600000013470000
1661410618304,5AB,8,4E05000000000000
1661410618403,5AA,8,E1F9FFFF63410000
1661410618404,5AB,8,9203000000000000
1661410618503,5AA,8,97F9FFFF643A0000
1661410618504,5AB,8,D402000000000000
1661410618603,5AA,8,FEFAFFFF153C0000
1661410618604,5AB,8,4403000000000000
1661410618703,5AA,8,4A0100002A460000
1661410618704,5AB,8,6201000000000000
1661410618803,5AA,8,FF0900007A4E0000
1661410618804,5AB,8,7A03000000000000
1661410618904,5AA,8,611200005E5A0000
1661410618905,5AB,8,A502000000000000
1661410619000,5AA,8,08190000AD5C0000
1661410619001,5AB,8,4E01000000000000
1661410619100,5AA,8,A2200000765F0000
1661410619101,5AB,8,3101000000000000
1661410619197,5AA,8,4120000039600000
1661410619198,5AB,8,6944000000000000
1661410619297,5AA,8,D41700009A5F0000
1661410619298,5AB,8,5645000000000000
1661410619397,5AA,8,E40E0000185E0000
1661410619398,5AB,8,C642000000000000
1661410619500,5AA,8,FC050000B3580000
1661410619501,5AB,8,4942000000000000
1661410619597,5AA,8,D0FDFFFF89540000
1661410619598,5AB,8,2A43000000000000
1661410619700,5AA,8,EAF5FFFF57480000
1661410619701,5AB,8,0042000000000000
1661410619800,5AA,8,16EFFFFF6F390000
1661410619801,5AB,8,4841000000000000
1661410619901,5AA,8,06E8FFFFCD350000
1661410619902,5AB,8,9D40000000000000
1661410620000,5AA,8,6FE2FFFF9E310000
1661410620001,5AB,8,B541000000000000
1661410620100,5AA,8,64E2FFFF0B310000
1661410620101,5AB,8,5104000000000000
1661410620200,5AA,8,6EEAFFFF54310000
1661410620201,5AB,8,2201000000000000
1661410620300,5AA,8,B8F0FFFFAC310000
1661410620301,5AB,8,7EFDFFFF00000000
1661410620397,5AA,8,C7F8FFFF6C320000
1661410620398,5AB,8,BEFAFFFF00000000
1661410620500,5AA,8,F6FDFFFFBD390000
1661410620501,5AB,8,78FBFFFF00000000
1661410620597,5AA,8,0F020000384A0000
1661410620598,5AB,8,0BFBFFFF00000000
1661410620697,5AA,8,65040000924F0000
1661410620698,5AB,8,FEFCFFFF00000000
1661410620800,5AA,8,7C0300007B4D0000
1661410620801,5AB,8,F8FDFFFF00000000
1661410620897,5AA,8,21010000804B0000
1661410620898,5AB,8,16FEFFFF00000000
1661410621000,5AA,8,4AFBFFFF8B3E0000
1661410621001,5AB,8,5BFEFFFF00000000
1661410621100,5AA,8,49F2FFFFE6360000
1661410621101,5AB,8,CC00000000000000
1661410621197,5AA,8,6EEDFFFFD32F0000
1661410621198,5AB,8,9001000000000000
1661410621297,5AA,8,83E4FFFF792E0000
1661410621298,5AB,8,C0FEFFFF00000000
1661410621400,5AA,8,C9DDFFFFB12D0000
1661410621401,5AB,8,EF00000000000000
1661410621500,5AA,8,DCE4FFFFE62E0000
1661410621501,5AB,8,C544000000000000
1661410621600,5AA,8,F1EBFFFFD8330000
1661410621601,5AB,8,AE44000000000000
1661410621700,5AA,8,43F3FFFFFE380000
1661410621701,5AB,8,6C44000000000000
1661410621800,5AA,8,EEFDFFFF8C4B0000
1661410621801,5AB,8,C244000000000000
1661410621901,5AA,8,D00500006B560000
1661410621902,5AB,8,3746000000000000
1661410622000,5AA,8,840F0000545F0000
1661410622001,5AB,8,BE44000000000000
1661410622100,5AA,8,1C190000B1600000
1661410622101,5AB,8,2C45000000000000
1661410622200,5AA,8,2D21000080610000
1661410622201,5AB,8,3BFEFFFF00000000
1661410622303,5AA,8,B3FFFFFFEE600000
1661410622304,5AB,8,7FEFFFFF00000000
1661410622400,5AA,8,011100001C5E0000
1661410622401,5AB,8,EFFEFFFF00000000
1661410622503,5AA,8,E908000082530000
1661410622504,5AB,8,1600000000000000
1661410622603,5AA,8,BD000000304D0000
1661410622604,5AB,8,E700000000000000
1661410622700,5AA,8,18FBFFFF304D0000
1661410622701,5AB,8,FC02000000000000
1661410622800,5AA,8,EAF9FFFF1B3D0000
1661410622801,5AB,8,9202000000000000
1661410622904,5AA,8,82F9FFFFB83B0000
1661410622905,5AB,8,5101000000000000
1661410623000,5AA,8,83F9FFFF9F3B0000
1661410623001,5AB,8,7D01000000000000
1661410623103,5AA,8,6EFAFFFFC93A0000
1661410623104,5AB,8,DE00000000000000
1661410623200,5AA,8,97F8FFFF833A0000
1661410623201,5AB,8,7001000000000000
1661410623300,5AA,8,18F9FFFFE83A0000
1661410623301,5AB,8,7B01000000000000
1661410623403,5AA,8,E9F9FFFF953B0000
1661410623404,5AB,8,5E01000000000000
1661410623503,5AA,8,A2F9FFFFFF3B0000
1661410623504,5AB,8,AE01000000000000
1661410623603,5AA,8,00FBFFFF533C0000
1661410623604,5AB,8,BD01000000000000
1661410623703,5AA,8,78FDFFFFA9410000
1661410623704,5AB,8,C001000000000000
1661410623800,5AA,8,A2010000A1460000
1661410623801,5AB,8,4E01000000000000
1661410623904,5AA,8,93090000EA500000
1661410623905,5AB,8,9A03000000000000
1661410624000,5AA,8,570C000006550000
1661410624001,5AB,8,8400000000000000
1661410624097,5AA,8,CD0F0000F45A0000
1661410624097,5AB,8,4402000000000000
1661410624200,5AA,8,BE170000675C0000
1661410624201,5AB,8,BCFFFFFF00000000
1661410624297,5AA,8,A6080000175F0000
1661410624298,5AB,8,AA03000000000000
1661410624400,5AA,8,721A0000915F0000
1661410624401,5AB,8,AE07000000000000
1661410624500,5AA,8,E21C0000B35E0000
1661410624501,5AB,8,FE43000000000000
1661410624597,5AA,8,B4170000B35E0000
1661410624597,5AB,8,6D42000000000000
1661410624700,5AA,8,B50F0000825B0000
1661410624701,5AB,8,B63F000000000000
1661410624797,5AA,8,F90A0000575A0000
1661410624797,5AB,8,2E41000000000000
1661410624898,5AA,8,5A060000C0580000
1661410624899,5AB,8,EC42000000000000
1661410625000,5AA,8,63FDFFFFE4570000
1661410625001,5AB,8,B243000000000000
1661410625096,5AA,8,2FFBFFFF9B4F0000
1661410625097,5AB,8,4244000000000000
1661410625200,5AA,8,BBF6FFFFBF410000
1661410625201,5AB,8,7E45000000000000
1661410625296,5AA,8,89F0FFFFCD3B0000
1661410625297,5AB,8,C642000000000000
1661410625396,5AA,8,A2E8FFFFA8370000
1661410625397,5AB,8,7142000000000000
1661410625496,5AA,8,5BE5FFFFC8330000
1661410625497,5AB,8,C242000000000000
1661410625596,5AA,8,B7DFFFFF38320000
1661410625597,5AB,8,7443000000000000
1661410625696,5AA,8,A2E2FFFF99300000
1661410625697,5AB,8,FC01000000000000
1661410625796,5AA,8,65E6FFFFE42F0000
1661410625797,5AB,8,C800000000000000
1661410625901,5AA,8,C5EDFFFF822F0000
1661410625902,5AB,8,24FFFFFF00000000
1661410626000,5AA,8,A4F3FFFF3C320000
1661410626001,5AB,8,EDFEFFFF00000000
1661410626096,5AA,8,B2F9FFFF1E360000
1661410626097,5AB,8,EBFEFFFF00000000
1661410626200,5AA,8,A3FFFFFF59420000
1661410626201,5AB,8,BAFFFFFF00000000
1661410626300,5AA,8,A60100007D460000
1661410626301,5AB,8,4200000000000000
1661410626396,5AA,8,1F02000004480000
1661410626397,5AB,8,4300000000000000
1661410626496,5AA,8,AD01000059480000
1661410626497,5AB,8,5A00000000000000
1661410626596,5AA,8,66010000D7470000
1661410626597,5AB,8,8600000000000000
1661410626696,5AA,8,55010000C6470000
1661410626697,5AB,8,1600000000000000
1661410626796,5AA,8,7201000044470000
1661410626797,5AB,8,2E00000000000000
1661410626896,5AA,8,FE00000071470000
1661410626897,5AB,8,8B00000000000000
1661410627000,5AA,8,15000000AE440000
1661410627001,5AB,8,D6FFFFFF00000000
1661410627096,5AA,8,3DFCFFFFF2410000
1661410627097,5AB,8,1201000000000000
1661410627200,5AA,8,66F7FFFFEE380000
1661410627201,5AB,8,0AFFFFFF00000000
1661410627296,5AA,8,86F1FFFFEE380000
1661410627297,5AB,8,9DFEFFFF00000000
1661410627400,5AA,8,C6EBFFFFAD2E0000
1661410627401,5AB,8,79FEFFFF00000000
1661410627500,5AA,8,C4E2FFFFA42E0000
1661410627501,5AB,8,BA02000000000000
1661410627596,5AA,8,9EE0FFFFE62F0000
1661410627597,5AB,8,CF44000000000000
1661410627696,5AA,8,5BE5FFFF49310000
1661410627697,5AB,8,9442000000000000
1661410627796,5AA,8,76EEFFFF4B380000
1661410627797,5AB,8,B441000000000000
1661410627897,5AA,8,94F2FFFF333D0000
1661410627898,5AB,8,9941000000000000
1661410628000,5AA,8,5CF8FFFFA6470000
1661410628001,5AB,8,8B43000000000000
1661410628096,5AA,8,D4FFFFFF54500000
1661410628097,5AB,8,5543000000000000
1661410628196,5AA,8,0CE8FFFFCA5A0000
1661410628197,5AB,8,F340000000000000
1661410628300,5AA,8,9E0D0000B75E0000
1661410628301,5AB,8,6D3D000000000000
1661410628400,5AA,8,20180000805F0000
1661410628401,5AB,8,8643000000000000
1661410628500,5AA,8,631D0000DA600000
1661410628501,5AB,8,3A46000000000000
1661410628596,5AA,8,A8150000B4600000
1661410628597,5AB,8,32BAFFFF00000000
1661410628696,5AA,8,F81A0000805F0000
1661410628697,5AB,8,5801000000000000
1661410628800,5AA,8,C7130000365E0000
1661410628801,5AB,8,6502000000000000
1661410628897,5AA,8,A80B000012570000
1661410628898,5AB,8,8805000000000000
1661410629000,5AA,8,A4070000B6520000
1661410629001,5AB,8,8706000000000000
1661410629104,5AA,8,62FFFFFF31490000
1661410629105,5AB,8,D506000000000000
1661410629204,5AA,8,76FBFFFF31490000
1661410629205,5AB,8,6208000000000000
1661410629304,5AA,8,41F8FFFF1C3F0000
1661410629305,5AB,8,AE06000000000000
1661410629404,5AA,8,EAF4FFFFB53C0000
1661410629405,5AB,8,E103000000000000
1661410629500,5AA,8,75F4FFFFEA390000
1661410629501,5AB,8,2003000000000000
1661410629604,5AA,8,B6F1FFFFA2380000
1661410629605,5AB,8,4D03000000000000
1661410629704,5AA,8,42EEFFFFB1350000
1661410629705,5AB,8,9C03000000000000
1661410629800,5AA,8,3CEBFFFFD8340000
1661410629801,5AB,8,1C04000000000000
1661410629905,5AA,8,35EAFFFFF0330000
1661410629906,5AB,8,8703000000000000
1661410630000,5AA,8,CCECFFFF6C330000
1661410630001,5AB,8,D402000000000000
1661410630100,5AA,8,C8F0FFFFAB350000
1661410630101,5AB,8,4703000000000000
1661410630196,5AA,8,43F9FFFF103A0000
1661410630197,5AB,8,DD05000000000000
1661410630300,5AA,8,8500000033480000
1661410630301,5AB,8,4005000000000000
1661410630396,5AA,8,D6020000B14D0000
1661410630397,5AB,8,000A000000000000
1661410630496,5AA,8,9B0D00005B550000
1661410630497,5AB,8,B605000000000000
1661410630596,5AA,8,BC130000DB570000
1661410630597,5AB,8,FA04000000000000
1661410630696,5AA,8,801200005A5C0000
1661410630697,5AB,8,F703000000000000
1661410630800,5AA,8,941F0000B25E0000
1661410630801,5AB,8,E902000000000000
1661410630897,5AA,8,E61E0000D55F0000
1661410630898,5AB,8,6745000000000000
1661410631000,5AA,8,5A1600002C610000
1661410631001,5AB,8,4EBCFFFF00000000
1661410631096,5AA,8,DB10000054600000
1661410631097,5AB,8,81BAFFFF00000000
1661410631200,5AA,8,A90B0000A25E0000
1661410631201,5AB,8,27BAFFFF00000000
1661410631300,5AA,8,400400006F5C0000
1661410631301,5AB,8,9D43000000000000
1661410631400,5AA,8,F7F9FFFF84530000
1661410631401,5AB,8,5945000000000000
1661410631500,5AA,8,70F6FFFF8A4A0000
1661410631501,5AB,8,EC43000000000000
1661410631596,5AA,8,ACF0FFFF133B0000
1661410631597,5AB,8,2743000000000000
1661410631696,5AA,8,E1EAFFFF98380000
1661410631697,5AB,8,DF41000000000000
1661410631800,5AA,8,11E6FFFF97340000
1661410631801,5AB,8,9941000000000000
1661410631897,5AA,8,AEE1FFFFB7320000
1661410631898,5AB,8,7742000000000000
1661410632000,5AA,8,40E3FFFF0A300000
1661410632001,5AB,8,2E00000000000000
1661410632096,5AA,8,48EAFFFFC42F0000
1661410632097,5AB,8,ACFFFFFF00000000
1661410632196,5AA,8,29EFFFFF7C310000
1661410632197,5AB,8,6BFEFFFF00000000
1661410632296,5AA,8,C2F2FFFF89330000
1661410632297,5AB,8,62FEFFFF00000000
1661410632400,5AA,8,55F7FFFF35380000
1661410632401,5AB,8,C8FDFFFF00000000
1661410632496,5AA,8,ACFAFFFFD03B0000
1661410632497,5AB,8,94FEFFFF00000000
1661410632596,5AA,8,71FDFFFF86460000
1661410632597,5AB,8,1FFFFFFF00000000
1661410632700,5AA,8,D6020000D84C0000
1661410632701,5AB,8,24FEFFFF00000000
1661410632796,5AA,8,F30300000A500000
1661410632797,5AB,8,7BFEFFFF00000000
1661410632901,5AA,8,2C0400002B4F0000
1661410632902,5AB,8,4CFFFFFF00000000
1661410633000,5AA,8,4E030000A44E0000
1661410633001,5AB,8,E0FEFFFF00000000
1661410633100,5AA,8,6D0300004B4C0000
1661410633101,5AB,8,E600000000000000
1661410633204,5AA,8,310400002B4D0000
1661410633205,5AB,8,6202000000000000
1661410633304,5AA,8,89060000C34E0000
1661410633305,5AB,8,1702000000000000
1661410633404,5AA,8,25060000B84E0000
1661410633405,5AB,8,A502000000000000
1661410633500,5AA,8,94040000AF4C0000
1661410633501,5AB,8,2803000000000000
1661410633600,5AA,8,B20200001F490000
1661410633601,5AB,8,6503000000000000
1661410633700,5AA,8,E801000058470000
1661410633701,5AB,8,3003000000000000
1661410633800,5AA,8,24FFFFFFF8430000
1661410633801,5AB,8,9E05000000000000
1661410633905,5AA,8,64F7FFFF043A0000
1661410633906,5AB,8,A303000000000000
1661410634000,5AA,8,BDF0FFFF7D350000
1661410634001,5AB,8,3A02000000000000
1661410634096,5AA,8,14ECFFFF74300000
1661410634097,5AB,8,7E03000000000000
1661410634200,5AA,8,B0E5FFFF0E300000
1661410634201,5AB,8,F103000000000000
1661410634296,5AA,8,34E0FFFFBF300000
1661410634297,5AB,8,5402000000000000
1661410634400,5AA,8,8BE3FFFFE3310000
1661410634401,5AB,8,2242000000000000
1661410634500,5AA,8,B8E9FFFF8A370000
1661410634501,5AB,8,7241000000000000
1661410634596,5AA,8,65F3FFFF723E0000
1661410634597,5AB,8,4441000000000000
1661410634700,5AA,8,06FBFFFF1C520000
1661410634701,5AB,8,A341000000000000
1661410634800,5AA,8,E8090000C9590000
1661410634801,5AB,8,BE45000000000000
1661410634897,5AA,8,3B16000076600000
1661410634898,5AB,8,BC43000000000000
1661410635000,5AA,8,4B1C0000F8610000
1661410635001,5AB,8,D845000000000000
1661410635100,5AA,8,B720000054620000
1661410635101,5AB,8,AEFDFFFF00000000
1661410635200,5AA,8,3418000001610000
1661410635201,5AB,8,7AFFFFFF00000000
1661410635304,5AA,8,2A0A000001570000
1661410635305,5AB,8,BB04000000000000
1661410635404,5AA,8,3703000040520000
1661410635405,5AB,8,A107000000000000
1661410635503,5AA,8,89FDFFFFCB490000
1661410635504,5AB,8,9906000000000000
1661410635603,5AA,8,F4F9FFFFF5440000
1661410635604,5AB,8,9903000000000000
1661410635700,5AA,8,15F9FFFF95410000
1661410635701,5AB,8,8103000000000000
1661410635800,5AA,8,29F9FFFF21410000
1661410635801,5AB,8,AA02000000000000
1661410635900,5AA,8,5FF9FFFFB6400000
1661410635901,5AB,8,8103000000000000
1661410636000,5AA,8,68F8FFFF7F400000
1661410636001,5AB,8,4B03000000000000
1661410636103,5AA,8,04F8FFFFD23F0000
1661410636104,5AB,8,6303000000000000
1661410636203,5AA,8,61F8FFFF13400000
1661410636204,5AB,8,AA03000000000000
1661410636303,5AA,8,3DF8FFFFEC3F0000
1661410636304,5AB,8,B003000000000000
1661410636400,5AA,8,27F8FFFFC13F0000
1661410636401,5AB,8,BA03000000000000
1661410636503,5AA,8,20F8FFFFD73F0000
1661410636504,5AB,8,D403000000000000
1661410636603,5AA,8,62F8FFFF8C400000
1661410636604,5AB,8,9F03000000000000
1661410636703,5AA,8,C0FBFFFFE8420000
1661410636704,5AB,8,9A03000000000000
1661410636803,5AA,8,B1030000D3480000
1661410636804,5AB,8,5D06000000000000
1661410636905,5AA,8,BC0A0000E0520000
1661410636906,5AB,8,0905000000000000
1661410637000,5AA,8,A114000046580000
1661410637000,5AB,8,3904000000000000
1661410637096,5AA,8,EF180000EE5A0000
1661410637097,5AB,8,7B04000000000000
1661410637196,5AA,8,361F0000115E0000
1661410637197,5AB,8,0003000000000000
1661410637300,5AA,8,31180000B65E0000
1661410637300,5AB,8,AA43000000000000
1661410637396,5AA,8,8D130000F15D0000
1661410637397,5AB,8,3946000000000000
1661410637496,5AA,8,920B00003B5C0000
1661410637497,5AB,8,F344000000000000
1661410637599,5AA,8,8F030000BA540000
1661410637600,5AB,8,5F42000000000000
1661410637696,5AA,8,25FBFFFFC34E0000
1661410637697,5AB,8,6642000000000000
1661410637796,5AA,8,D9F4FFFFB63E0000
1661410637797,5AB,8,3E42000000000000
1661410637901,5AA,8,BBE9FFFFE5380000
1661410637902,5AB,8,5B42000000000000
1661410638000,5AA,8,A9DFFFFFB9320000
1661410638001,5AB,8,B843000000000000
1661410638103,5AA,8,16E4FFFF4D310000
1661410638104,5AB,8,7A01000000000000
1661410638200,5AA,8,A7EBFFFF23320000
1661410638201,5AB,8,A301000000000000
1661410638300,5AA,8,5DF5FFFF1E340000
1661410638301,5AB,8,2501000000000000
1661410638400,5AA,8,BAFBFFFF3F3F0000
1661410638401,5AB,8,BBFFFFFF00000000
1661410638500,5AA,8,B102000004470000
1661410638501,5AB,8,B700000000000000
1661410638600,5AA,8,10060000D4500000
1661410638601,5AB,8,BFFFFFFF00000000
1661410638703,5AA,8,4B0300002E510000
1661410638704,5AB,8,0000000000000000
1661410638803,5AA,8,800200002C490000
1661410638804,5AB,8,3AFFFFFF00000000
1661410638904,5AA,8,68F6FFFFAC380000
1661410638905,5AB,8,6BFEFFFF00000000
1661410639000,5AA,8,92F7FFFF50390000
1661410639001,5AB,8,8500000000000000
1661410639103,5AA,8,37FDFFFFD9400000
1661410639104,5AB,8,6401000000000000
1661410639203,5AA,8,63FCFFFF03420000
1661410639204,5AB,8,0103000000000000
1661410639300,5AA,8,2AF7FFFF23400000
1661410639301,5AB,8,8905000000000000
1661410639403,5AA,8,6DF0FFFF263D0000
1661410639404,5AB,8,6706000000000000
1661410639503,5AA,8,03FBFFFF19440000
1661410639504,5AB,8,5407000000000000
1661410639600,5AA,8,7C040000934D0000
1661410639601,5AB,8,7A0A000000000000
1661410639703,5AA,8,700700008A4E0000
1661410639704,5AB,8,F915000000000000
1661410639800,5AA,8,C1030000284D0000
1661410639801,5AB,8,B818000000000000
1661410639901,5AA,8,2C070000E44D0000
1661410639902,5AB,8,592A000000000000
1661410640000,5AA,8,09060000D64E0000
1661410640001,5AB,8,E229000000000000
1661410640100,5AA,8,7507000094500000
1661410640101,5AB,8,BB2B000000000000
1661410640200,5AA,8,03040000FF4E0000
1661410640201,5AB,8,2733000000000000
1661410640300,5AA,8,5D040000854F0000
1661410640301,5AB,8,352F000000000000
1661410640400,5AA,8,680600009D4F0000
1661410640401,5AB,8,D42C000000000000
1661410640503,5AA,8,7A030000D24F0000
1661410640504,5AB,8,621F000000000000
1661410640603,5AA,8,3CFEFFFF364E0000
1661410640604,5AB,8,AC15000000000000
1661410640703,5AA,8,9FFFFFFFCC4A0000
1661410640704,5AB,8,6212000000000000
1661410640803,5AA,8,0F010000D44D0000
1661410640804,5AB,8,0000000000000000
1661410640901,5AA,8,11050000655A0000
1661410640902,5AB,8,FEF8FFFF00000000
1661410641000,5AA,8,69060000E6760000
1661410641001,5AB,8,4DF1FFFF00000000
1661410641097,5AA,8,D908000087800000
1661410641098,5AB,8,76E9FFFF00000000
1661410641197,5AA,8,780800007E810000
1661410641198,5AB,8,C5E5FFFF00000000
1661410641297,5AA,8,E80500008B860000
1661410641298,5AB,8,20D6FFFF00000000
1661410641397,5AA,8,DD030000E1870000
1661410641398,5AB,8,D7D6FFFF00000000
1661410641500,5AA,8,FA030000AE890000
1661410641501,5AB,8,FFD3FFFF00000000
1661410641600,5AA,8,41020000C28A0000
1661410641601,5AB,8,B3D9FFFF00000000
1661410641700,5AA,8,F5000000F98A0000
1661410641701,5AB,8,21E5FFFF00000000
1661410641800,5AA,8,F5010000B37C0000
1661410641801,5AB,8,29F6FFFF00000000
1661410641901,5AA,8,04010000154F0000
1661410641902,5AB,8,10FFFFFF00000000
1661410642000,5AA,8,A4FAFFFF26460000
1661410642001,5AB,8,2705000000000000
1661410642103,5AA,8,51FAFFFFDA450000
1661410642104,5AB,8,FB0F000000000000
1661410642200,5AA,8,96FCFFFF00480000
1661410642201,5AB,8,6316000000000000
1661410642300,5AA,8,FB0000002B4C0000
1661410642301,5AB,8,AF1D000000000000
1661410642400,5AA,8,32020000894E0000
1661410642401,5AB,8,F520000000000000
1661410642500,5AA,8,AC040000B04F0000
1661410642501,5AB,8,4D2F000000000000
1661410642603,5AA,8,310200003C530000
1661410642604,5AB,8,CC30000000000000
1661410642700,5AA,8,DC01000047530000
1661410642701,5AB,8,CD30000000000000
1661410642800,5AA,8,C201000089500000
1661410642801,5AB,8,022B000000000000
1661410642904,5AA,8,15000000944E0000
1661410642905,5AB,8,E51F000000000000
1661410643000,5AA,8,D00400005B4E0000
1661410643001,5AB,8,F213000000000000
1661410643103,5AA,8,90020000C44E0000
1661410643104,5AB,8,0A0C000000000000
1661410643203,5AA,8,F40100004C520000
1661410643204,5AB,8,1A00000000000000
1661410643300,5AA,8,9802000094580000
1661410643301,5AB,8,44F8FFFF00000000
1661410643400,5AA,8,25050000426E0000
1661410643401,5AB,8,C6F3FFFF00000000
1661410643503,5AA,8,EC04000013780000
1661410643504,5AB,8,AEEDFFFF00000000
1661410643600,5AA,8,36040000AA820000
1661410643601,5AB,8,66E5FFFF00000000
1661410643703,5AA,8,E0FEFFFF42840000
1661410643704,5AB,8,9AE1FFFF00000000
1661410643800,5AA,8,9F05000036870000
1661410643801,5AB,8,5CE7FFFF00000000
1661410643904,5AA,8,05010000AF870000
1661410643905,5AB,8,65E6FFFF00000000
1661410644000,5AA,8,1E03000057000000
1661410644001,5AB,8,42D9FFFF00000000
1661410644097,5AA,8,B104000019880000
1661410644098,5AB,8,12E2FFFF00000000
1661410644197,5AA,8,58010000E7880000
1661410644198,5AB,8,74DAFFFF00000000
1661410644297,5AA,8,3F070000C5880000
1661410644298,5AB,8,8ED5FFFF00000000
1661410644400,5AA,8,23050000D7870000
1661410644401,5AB,8,B5D7FFFF00000000
1661410644500,5AA,8,CC030000F1860000
1661410644501,5AB,8,A6E0FFFF00000000
1661410644597,5AA,8,76040000FC860000
1661410644598,5AB,8,B4E2FFFF00000000
1661410644700,5AA,8,11030000098B0000
1661410644701,5AB,8,4FE9FFFF00000000
1661410644800,5AA,8,F9FDFFFFE7080000
1661410644801,5AB,8,4DEFFFFF00000000
1661410644898,5AA,8,63F7FFFF4C1C0000
1661410644899,5AB,8,0AF5FFFF00000000
1661410645000,5AA,8,CC02000050460000
1661410645001,5AB,8,4DF9FFFF00000000
1661410645100,5AA,8,E3FBFFFF29400000
1661410645101,5AB,8,7CFDFFFF00000000
1661410645203,5AA,8,1DFEFFFF35430000
1661410645204,5AB,8,59FFFFFF00000000
1661410645300,5AA,8,DCFCFFFF4E440000
1661410645301,5AB,8,1300000000000000
1661410645400,5AA,8,95F6FFFFDD3C0000
1661410645401,5AB,8,1800000000000000
1661410645500,5AA,8,64F4FFFF5D3B0000
1661410645501,5AB,8,1301000000000000
1661410645600,5AA,8,EAEEFFFF41350000
1661410645601,5AB,8,19FEFFFF00000000
1661410645703,5AA,8,29DFFFFFEA2D0000
1661410645704,5AB,8,3846000000000000
1661410645803,5AA,8,05E7FFFFEA2E0000
1661410645804,5AB,8,11BAFFFF00000000
1661410645900,5AA,8,2FECFFFF3A340000
1661410645901,5AB,8,B8BEFFFF00000000
1661410646000,5AA,8,19F1FFFFFB400000
1661410646001,5AB,8,FF38000000000000
1661410646103,5AA,8,9F190000415B0000
1661410646104,5AB,8,8942000000000000
1661410646200,5AA,8,E81A00007C5B0000
1661410646201,5AB,8,333F000000000000
1661410646300,5AA,8,A31A00004F5A0000
1661410646301,5AB,8,4141000000000000
1661410646403,5AA,8,531B0000DD5A0000
1661410646404,5AB,8,4342000000000000
1661410646500,5AA,8,2F1500007B5A0000
1661410646501,5AB,8,6E40000000000000
1661410646600,5AA,8,D110000033590000
1661410646601,5AB,8,9141000000000000
1661410646700,5AA,8,B808000027540000
1661410646701,5AB,8,8C40000000000000
1661410646803,5AA,8,7504000015530000
1661410646804,5AB,8,1841000000000000
1661410646900,5AA,8,E6FFFFFFF9490000
1661410646901,5AB,8,D440000000000000
1661410647000,5AA,8,B1F8FFFFFC450000
1661410647001,5AB,8,9B40000000000000
1661410647103,5AA,8,4DF2FFFF8B3F0000
1661410647104,5AB,8,2240000000000000
1661410647200,5AA,8,78EFFFFFBE3D0000
1661410647201,5AB,8,C53E000000000000
1661410647303,5AA,8,49EBFFFF23390000
1661410647304,5AB,8,B141000000000000
1661410647400,5AA,8,35E5FFFF11350000
1661410647401,5AB,8,6043000000000000
1661410647500,5AA,8,13E2FFFF48310000
1661410647501,5AB,8,1744000000000000
1661410647600,5AA,8,E2DEFFFF81300000
1661410647601,5AB,8,A545000000000000
1661410647703,5AA,8,B6ECFFFF422E0000
1661410647704,5AB,8,B8BCFFFF00000000
1661410647803,5AA,8,02E4FFFF2E2B0000
1661410647804,5AB,8,B1FAFFFF00000000
1661410647900,5AA,8,5CE6FFFFBD2A0000
1661410647900,5AB,8,CCFAFFFF00000000
1661410648000,5AA,8,09E1FFFF4B2A0000
1661410648001,5AB,8,DCFCFFFF00000000
1661410648097,5AA,8,0AE6FFFFA2290000
1661410648097,5AB,8,D2F9FFFF00000000
1661410648200,5AA,8,F7E8FFFF71290000
1661410648201,5AB,8,42FAFFFF00000000
1661410648300,5AA,8,8EEBFFFF70290000
1661410648301,5AB,8,CAF8FFFF00000000
1661410648397,5AA,8,A1EFFFFFB3270000
1661410648397,5AB,8,DBF7FFFF00000000
1661410648500,5AA,8,77FEFFFFF3280000
1661410648501,5AB,8,73F4FFFF00000000
1661410648597,5AA,8,1BFEFFFF9C350000
1661410648597,5AB,8,79F7FFFF00000000
1661410648700,5AA,8,9E05000011590000
1661410648701,5AB,8,F3F4FFFF00000000
1661410648797,5AA,8,A504000065620000
1661410648797,5AB,8,C1F5FFFF00000000
1661410648901,5AA,8,140C0000EF620000
1661410648902,5AB,8,24F8FFFF00000000
1661410649000,5AA,8,8C11000035640000
1661410649001,5AB,8,24FAFFFF00000000
1661410649100,5AA,8,A4140000EA630000
1661410649101,5AB,8,62FDFFFF00000000
1661410649200,5AA,8,261F0000B4620000
1661410649201,5AB,8,7FFFFFFF00000000
1661410649300,5AA,8,511E00003A620000
1661410649301,5AB,8,4EFEFFFF00000000
1661410649404,5AA,8,DE1B000049610000
1661410649405,5AB,8,B5FEFFFF00000000
1661410649504,5AA,8,341F0000EE600000
1661410649505,5AB,8,D5FFFFFF00000000
1661410649600,5AA,8,FB1E000012600000
1661410649601,5AB,8,ED00000000000000
1661410649704,5AA,8,201E0000725F0000
1661410649705,5AB,8,9600000000000000
1661410649804,5AA,8,311A0000675F0000
1661410649805,5AB,8,9C00000000000000
1661410649902,5AA,8,7E130000425F0000
1661410649903,5AB,8,F4FEFFFF00000000
1661410650000,5AA,8,CFF5FFFF5A530000
1661410650001,5AB,8,B8FEFFFF00000000
1661410650104,5AA,8,D3F7FFFF3D2A0000
1661410650105,5AB,8,17F7FFFF00000000
1661410650204,5AA,8,C9E9FFFF98290000
1661410650205,5AB,8,BBF9FFFF00000000
1661410650300,5AA,8,25E2FFFF5B2A0000
1661410650301,5AB,8,26FCFFFF00000000
1661410650400,5AA,8,5CE2FFFF6D2C0000
1661410650401,5AB,8,BABCFFFF00000000
1661410650500,5AA,8,9CF5FFFF552F0000
1661410650501,5AB,8,6BBCFFFF00000000
1661410650604,5AA,8,3F120000CE580000
1661410650605,5AB,8,D6B9FFFF00000000
1661410650704,5AA,8,381500000D5F0000
1661410650705,5AB,8,43BAFFFF00000000
1661410650800,5AA,8,AE220000ED5F0000
1661410650801,5AB,8,3B46000000000000
1661410650905,5AA,8,F4210000F75E0000
1661410650906,5AB,8,EBFFFFFF00000000
1661410651000,5AA,8,3F1D0000005F0000
1661410651001,5AB,8,8001000000000000
1661410651096,5AA,8,9B1C00001F5E0000
1661410651097,5AB,8,BA01000000000000
1661410651196,5AA,8,9F1C0000215E0000
1661410651197,5AB,8,5B00000000000000
1661410651296,5AA,8,E41A00003B5D0000
1661410651297,5AB,8,BE02000000000000
1661410651396,5AA,8,C40B00006C5A0000
1661410651397,5AB,8,6AFEFFFF00000000
1661410651496,5AA,8,F4080000A2560000
1661410651497,5AB,8,8903000000000000
1661410651600,5AA,8,8A020000F0520000
1661410651601,5AB,8,1E03000000000000
1661410651696,5AA,8,0AFFFFFF724F0000
1661410651697,5AB,8,1400000000000000
1661410651796,5AA,8,C0040000DB500000
1661410651797,5AB,8,D803000000000000
1661410651897,5AA,8,49030000BD4E0000
1661410651898,5AB,8,7007000000000000
1661410652000,5AA,8,B5030000044E0000
1661410652001,5AB,8,F40C000000000000
1661410652100,5AA,8,AF040000CB4D0000
1661410652101,5AB,8,D810000000000000
1661410652200,5AA,8,B3040000174E0000
1661410652201,5AB,8,9718000000000000
1661410652296,5AA,8,35050000464D0000
1661410652297,5AB,8,EE1D000000000000
1661410652396,5AA,8,75020000F34B0000
1661410652397,5AB,8,CD27000000000000
1661410652500,5AA,8,D7030000274A0000
1661410652501,5AB,8,E92C000000000000
1661410652600,5AA,8,3803000065480000
1661410652601,5AB,8,0D30000000000000
1661410652700,5AA,8,B4020000AC470000
1661410652701,5AB,8,7531000000000000
1661410652800,5AA,8,8001000010480000
1661410652801,5AB,8,6A2E000000000000
1661410652896,5AA,8,5B030000C1480000
1661410652897,5AB,8,072B000000000000
1661410653000,5AA,8,B6FEFFFF4A490000
1661410653001,5AB,8,B121000000000000
1661410653096,5AA,8,97FEFFFF51480000
1661410653097,5AB,8,FD17000000000000
1661410653196,5AA,8,E2F9FFFFCB460000
1661410653197,5AB,8,2C11000000000000
1661410653300,5AA,8,F3EEFFFF813E0000
1661410653301,5AB,8,6A0A000000000000
1661410653400,5AA,8,18E9FFFFF8380000
1661410653401,5AB,8,900A000000000000
1661410653496,5AA,8,00E7FFFF2A380000
1661410653497,5AB,8,6B08000000000000
1661410653596,5AA,8,0AE3FFFF2D360000
1661410653597,5AB,8,1A06000000000000
1661410653700,5AA,8,C1E3FFFF1B350000
1661410653701,5AB,8,8806000000000000
1661410653800,5AA,8,94E7FFFF76340000
1661410653801,5AB,8,A243000000000000
1661410653897,5AA,8,22E9FFFFB0340000
1661410653898,5AB,8,9041000000000000
1661410654000,5AA,8,66F1FFFFC0370000
1661410654001,5AB,8,CDBAFFFF00000000
1661410654104,5AA,8,8BF1FFFF6F3A0000
1661410654105,5AB,8,5046000000000000
1661410654204,5AA,8,33F3FFFFFB3B0000
1661410654205,5AB,8,6B45000000000000
1661410654304,5AA,8,40F7FFFFC63E0000
1661410654305,5AB,8,2CBCFFFF00000000
1661410654400,5AA,8,E2F7FFFFCA430000
1661410654401,5AB,8,FBB9FFFF00000000
1661410654504,5AA,8,F6FCFFFF97470000
1661410654505,5AB,8,FEBBFFFF00000000
1661410654604,5AA,8,E4FCFFFFB64C0000
1661410654605,5AB,8,C9B9FFFF00000000
1661410654704,5AA,8,35FDFFFFEA4C0000
1661410654705,5AB,8,E0B9FFFF00000000
1661410654800,5AA,8,D0FFFFFFB54E0000
1661410654801,5AB,8,CD44000000000000
1661410654905,5AA,8,420100006F510000
1661410654906,5AB,8,BC44000000000000
1661410655000,5AA,8,3C010000FC500000
1661410655001,5AB,8,8044000000000000
1661410655100,5AA,8,D30200005B500000
1661410655101,5AB,8,E744000000000000
1661410655196,5AA,8,D6FDFFFF234C0000
1661410655197,5AB,8,BC44000000000000
1661410655300,5AA,8,33FEFFFFF4490000
1661410655301,5AB,8,C744000000000000
1661410655400,5AA,8,3FFAFFFFB34B0000
1661410655401,5AB,8,3643000000000000
1661410655496,5AA,8,7FFBFFFFB34B0000
1661410655497,5AB,8,B53E000000000000
1661410655600,5AA,8,9AFAFFFF354E0000
1661410655601,5AB,8,C83C000000000000
1661410655696,5AA,8,54F5FFFFD44A0000
1661410655697,5AB,8,E639000000000000
1661410655796,5AA,8,69EFFFFF36420000
1661410655797,5AB,8,F336000000000000
1661410655901,5AA,8,ADEEFFFF02400000
1661410655902,5AB,8,7111000000000000
1661410656000,5AA,8,3FF3FFFF37410000
1661410656001,5AB,8,510E000000000000
1661410656104,5AA,8,74FDFFFF9E490000
1661410656105,5AB,8,480C000000000000
1661410656200,5AA,8,97020000C74F0000
1661410656201,5AB,8,7404000000000000
1661410656304,5AA,8,AA070000F7570000
1661410656305,5AB,8,C102000000000000
1661410656400,5AA,8,340800007D570000
1661410656401,5AB,8,7C04000000000000
1661410656500,5AA,8,6F0B000030540000
1661410656501,5AB,8,0404000000000000
1661410656600,5AA,8,B306000030540000
1661410656601,5AB,8,F800000000000000
1661410656700,5AA,8,B8080000E4510000
1661410656701,5AB,8,A406000000000000
1661410656804,5AA,8,6A0A000094500000
1661410656805,5AB,8,7D06000000000000
1661410656900,5AA,8,FE070000914E0000
1661410656901,5AB,8,1909000000000000
1661410657000,5AA,8,77010000614C0000
1661410657001,5AB,8,9F12000000000000
1661410657100,5AA,8,4E0A0000AB4B0000
1661410657101,5AB,8,6A11000000000000
1661410657200,5AA,8,8C090000B44C0000
1661410657201,5AB,8,AB15000000000000
1661410657300,5AA,8,BB0A0000694E0000
1661410657301,5AB,8,2B17000000000000
1661410657404,5AA,8,B6150000464F0000
1661410657405,5AB,8,7D3C000000000000
1661410657504,5AA,8,B40C000078510000
1661410657505,5AB,8,ED36000000000000
1661410657600,5AA,8,020D0000E64F0000
1661410657601,5AB,8,B43B000000000000
1661410657704,5AA,8,85000000034B0000
1661410657705,5AB,8,163E000000000000
1661410657804,5AA,8,ED00000048470000
1661410657805,5AB,8,7F42000000000000
1661410657905,5AA,8,5AFCFFFF183C0000
1661410657906,5AB,8,F6B9FFFF00000000
1661410658000,5AA,8,45FCFFFF00000000
1661410658001,5AB,8,85BFFFFF00000000
1661410658102,5AA,8,C0F6FFFF07280000
1661410658103,5AB,8,11C0FFFF00000000
1661410658198,5AA,8,59F3FFFF70270000
1661410658199,5AB,8,25C2FFFF00000000
1661410658298,5AA,8,8EF3FFFFB0280000
1661410658299,5AB,8,86BEFFFF00000000
1661410658402,5AA,8,9CF4FFFF9E2B0000
1661410658403,5AB,8,11C1FFFF00000000
1661410658502,5AA,8,BAF9FFFF9E2B0000
1661410658503,5AB,8,EFBDFFFF00000000
1661410658601,5AA,8,00000000E5470000
1661410658602,5AB,8,93BEFFFF00000000
1661410658698,5AA,8,7F080000CD580000
1661410658699,5AB,8,57BFFFFF00000000
1661410658802,5AA,8,2A11000060650000
1661410658803,5AB,8,84C1FFFF00000000
1661410658899,5AA,8,CB1C000042680000
1661410658900,5AB,8,BFBCFFFF00000000
1661410659000,5AA,8,1C170000C8680000
1661410659001,5AB,8,A2F8FFFF00000000
1661410659096,5AA,8,DD1300005E670000
1661410659097,5AB,8,9AFAFFFF00000000
1661410659196,5AA,8,AD040000F6630000
1661410659197,5AB,8,6AFFFFFF00000000
1661410659300,5AA,8,4307000098610000
1661410659300,5AB,8,58FDFFFF00000000
1661410659396,5AA,8,1F060000925D0000
1661410659397,5AB,8,E7FDFFFF00000000
1661410659500,5AA,8,99FFFFFF185A0000
1661410659501,5AB,8,4CFFFFFF00000000
1661410659600,5AA,8,01FDFFFF78520000
1661410659601,5AB,8,1A03000000000000
1661410659699,5AA,8,8BFEFFFF6B4B0000
1661410659700,5AB,8,6BFFFFFF00000000
1661410659799,5AA,8,19FEFFFF25450000
1661410659800,5AB,8,5BFEFFFF00000000
1661410659897,5AA,8,4AFCFFFF66430000
1661410659898,5AB,8,B6FFFFFF00000000
1661410660000,5AA,8,D1F5FFFFB6420000
1661410660000,5AB,8,C401000000000000
1661410660099,5AA,8,7FFCFFFF7E410000
1661410660100,5AB,8,21FFFFFF00000000
1661410660199,5AA,8,B8FCFFFFB7410000
1661410660200,5AB,8,F1FEFFFF00000000
1661410660296,5AA,8,B7FCFFFF0C410000
1661410660297,5AB,8,07FFFFFF00000000
1661410660399,5AA,8,D1FCFFFF5F410000
1661410660400,5AB,8,08FFFFFF00000000
1661410660499,5AA,8,B1FCFFFF7B410000
1661410660500,5AB,8,EFFEFFFF00000000
1661410660599,5AA,8,B8FCFFFF7B410000
1661410660600,5AB,8,F1FEFFFF00000000
1661410660699,5AA,8,BBFCFFFF70410000
1661410660700,5AB,8,F2FEFFFF00000000
1661410660799,5AA,8,87FCFFFF89410000
1661410660800,5AB,8,F0FEFFFF00000000
1661410660896,5AA,8,D1FCFFFFB3410000
1661410660897,5AB,8,1FFFFFFF00000000
1661410661000,5AA,8,2DFDFFFF5F410000
1661410661001,5AB,8,36FFFFFF00000000
1661410661100,5AA,8,71FCFFFF84410000
1661410661101,5AB,8,D9FEFFFF00000000
1661410661203,5AA,8,B8FCFFFFF4400000
1661410661204,5AB,8,DAFEFFFF00000000
1661410661303,5AA,8,B1FCFFFF89410000
1661410661304,5AB,8,D8FEFFFF00000000
1661410661403,5AA,8,BEFCFFFF98410000
1661410661404,5AB,8,09FFFFFF00000000
1661410661503,5AA,8,8EFCFFFF65410000
1661410661504,5AB,8,F2FEFFFF00000000
1661410661603,5AA,8,BBFCFFFFBB410000
1661410661604,5AB,8,F2FEFFFF00000000
1661410661700,5AA,8,A5FCFFFF46410000
1661410661701,5AB,8,F2FEFFFF00000000
1661410661800,5AA,8,A8FCFFFFAC410000
1661410661801,5AB,8,F3FEFFFF00000000
1661410661904,5AA,8,B8FCFFFF8F410000
1661410661905,5AB,8,DAFEFFFF00000000
1661410662000,5AA,8,B4FCFFFF89410000
1661410662001,5AB,8,1DFFFFFF00000000
1661410662100,5AA,8,A1FCFFFF94410000
1661410662101,5AB,8,DAFEFFFF00000000
1661410662203,5AA,8,CBFCFFFF8F410000
1661410662204,5AB,8,D9FEFFFF00000000
1661410662303,5AA,8,BBFCFFFFB8410000
1661410662304,5AB,8,C5FEFFFF00000000
1661410662400,5AA,8,B8FCFFFF7E410000
1661410662401,5AB,8,DAFEFFFF00000000
1661410662503,5AA,8,CEFCFFFF49410000
1661410662504,5AB,8,07FFFFFF00000000
1661410662603,5AA,8,60FDFFFF9D410000
1661410662604,5AB,8,84FEFFFF00000000
1661410662703,5AA,8,B8FCFFFFC6410000
1661410662704,5AB,8,ADFEFFFF00000000
1661410662800,5AA,8,CAFCFFFF4C410000
1661410662801,5AB,8,34FFFFFF00000000
1661410662900,5AA,8,A1FCFFFFCB410000
1661410662901,5AB,8,F1FEFFFF00000000
1661410663000,5AA,8,B1FCFFFF89410000
1661410663001,5AB,8,05FFFFFF00000000
1661410663100,5AA,8,7FFCFFFFA8410000
1661410663101,5AB,8,DEFEFFFF00000000
1661410663197,5AA,8,5EFCFFFFD0410000
1661410663198,5AB,8,DBFEFFFF00000000
1661410663300,5AA,8,95FCFFFFB3410000
1661410663301,5AB,8,F4FEFFFF00000000
1661410663397,5AA,8,A8FCFFFF81410000
1661410663398,5AB,8,DCFEFFFF00000000
1661410663500,5AA,8,97FCFFFFB8410000
1661410663501,5AB,8,EEFEFFFF00000000
1661410663600,5AA,8,E2FCFFFFA4410000
1661410663601,5AB,8,C2FEFFFF00000000
1661410663697,5AA,8,C7FCFFFFB3410000
1661410663698,5AB,8,05FFFFFF00000000
1661410663800,5AA,8,92FCFFFFAD410000
1661410663801,5AB,8,F3FEFFFF00000000
